<?xml version="1.0" encoding="utf-8"?>
<modification>
	<name>Slide Show</name>
	<code>Slide Show</code>
	<version>1.0.0</version>
	<author>WeDevlops.com</author>
	<link>https://WeDevlops.com/</link>

	<!-- Replace Swiper to Tiny Slider-->
  <file path="catalog/controller/extension/module/{banner,slideshow,carousel}.php">
    <operation>
			<search>
				<![CDATA[
					$this->document->addStyle('catalog/view/javascript/jquery/swiper/css/swiper.min.css');
				]]>
			</search>
			<add position="before">
				<![CDATA[
          /*
        ]]>
			</add>
		</operation>
    <operation>
			<search>
				<![CDATA[
					$this->document->addScript('catalog/view/javascript/jquery/swiper/js/swiper.jquery.js');
				]]>
			</search>
			<add position="after">
				<![CDATA[
          */
					$this->document->addScript('catalog/view/javascript/tiny-slider/tiny-slider.js');
					$this->document->addStyle('catalog/view/javascript/tiny-slider/tiny-slider.css');
        ]]>
			</add>
		</operation>
	</file>

	<!-- Add Tiny Slider-->
  <file path="catalog/controller/extension/module/{bestseller,latest,special}.php">
    <operation>
			<search>
				<![CDATA[
					if ($results) {
				]]>
			</search>
			<add position="after">
				<![CDATA[
          $this->document->addScript('catalog/view/javascript/tiny-slider/tiny-slider.js');
					$this->document->addStyle('catalog/view/javascript/tiny-slider/tiny-slider.css');
        ]]>
			</add>
		</operation>
	</file>

	<!-- Add Unique -->
  <file path="catalog/controller/extension/module/{bestseller,latest,special,featured,banner,slideshow,carousel}.php">
    <operation>
			<search>
				<![CDATA[
					return
				]]>
			</search>
			<add position="before">
				<![CDATA[
					$data['uniqid'] = uniqid();
        ]]>
			</add>
		</operation>
	</file>

	<!-- CATEGORY ICON -->
  <file path="admin/controller/catalog/category.php">
    <operation>
			<search>
				<![CDATA[
					if (isset($this->request->post['product_related'])) {
				]]>
			</search>
			<add position="before">
				<![CDATA[
          if (isset($this->request->post['icon'])) {
						$data['icon'] = $this->request->post['icon'];
					} elseif (isset($this->request->get['category_id'])) {
						$data['icon'] = $this->model_catalog_category->getCategoryIcon($this->request->get['category_id']);
					} else {
						$data['icon'] = '';
					}
        ]]>
			</add>
		</operation>
	</file>
	<file path="admin/model/catalog/category.php">
	
		<!-- Images -->
		<operation>
			<search>
				<![CDATA[
					$data['images'] = array();
				]]>
			</search>
			<add position="before">
				<![CDATA[
          // Modification additional
					if ($product_info['image']) {
						$data['additional'] = $this->model_tool_image->resize($product_info['image'], $this->config->get('theme_' . $this->config->get('config_theme') . '_image_additional_width'), $this->config->get('theme_' . $this->config->get('config_theme') . '_image_additional_height'));
					} else {
						$data['additional'] = '';
					}
					// End Modification
        ]]>
			</add>
		</operation>
		<operation>
			<search>
				<![CDATA[
					'thumb' => $this->model_tool_image->resize($result['image'], $this->config->get('theme_' . $this->config->get('config_theme') . '_image_additional_width'), $this->config->get('theme_' . $this->config->get('config_theme') . '_image_additional_height'))
				]]>
			</search>
			<add position="replace">
				<![CDATA[
          // 'thumb' => $this->model_tool_image->resize($result['image'], $this->config->get('theme_' . $this->config->get('config_theme') . '_image_additional_width'), $this->config->get('theme_' . $this->config->get('config_theme') . '_image_additional_height'))
        ]]>
			</add>
		</operation>
		<operation>
			<search>
				<![CDATA[
					$data['images'][] = array(
				]]>
			</search>
			<add position="after">
				<![CDATA[
          'thumb' => $this->model_tool_image->resize($result['image'], $this->config->get('theme_' . $this->config->get('config_theme') . '_image_thumb_width'), $this->config->get('theme_' . $this->config->get('config_theme') . '_image_thumb_height')),
					'additional' => $this->model_tool_image->resize($result['image'], $this->config->get('theme_' . $this->config->get('config_theme') . '_image_additional_width'), $this->config->get('theme_' . $this->config->get('config_theme') . '_image_additional_height')),
        ]]>
			</add>
		</operation>
	</file>
	<file path="catalog/language/en-gb/product/product.php">
    <operation>
			<search>
				<![CDATA[
					$_['text_search']
				]]>
			</search>
			<add position="before">
				<![CDATA[
          /* MODIFICATION */
					$_['text_multistore_instore']  = 'в %s магазинах';
					/* MODIFICATION */
        ]]>
			</add>
		</operation>
	</file>
</modification>